title,author,score,upvote_ratio,created_utc,url,num_comments,total_awards_received,positive_sentiment,negative_sentiment,neutral_sentiment,compound_sentiment,sentiment,org
Breaking: Jerome Powell clarifies his comments made during FOMC.,TradeTheZones,10537,0.94,2023-05-04 02:17:59,https://v.redd.it/c48qx6b35qxa1,461.0,27.0,0.192,0.0,0.808,0.2263,neutral,No ticker found
Federal Reserve pushes interest rates above 5% for first time since 2007,Kingston12AZ,5365,0.97,2023-05-03 18:04:50,https://finance.yahoo.com/news/federal-reserve-interest-rate-decision-may-3-155524134.html,752.0,0.0,0.214,0.0,0.786,0.4588,positive,Federal Reserve
JPOW’s Message To Regional Banks At The FOMC Meeting,PussyBreath007,2761,0.99,2023-05-03 20:04:06,https://i.redd.it/6b1o7wzzrpxa1.jpg,105.0,1.0,0.0,0.0,1.0,0.0,neutral,No ticker found
Can I call my mom now? Regional bank contagion continues.,jchenn14,2378,0.97,2023-05-03 21:10:27,https://www.reddit.com/gallery/136znu1,527.0,1.0,0.0,0.273,0.727,-0.4588,negative,No ticker found
“The extent of these effects remain uncertain” -Powell,willi_44,2075,0.98,2023-05-03 23:28:40,https://i.redd.it/b8spwzjfsqxa1.gif,83.0,0.0,0.0,0.0,1.0,0.0,neutral,No ticker found
"JshBone12 Promised to Donate 10k to Charity Under Threat of Ban, Now he is Hoping Everyone Forgot",rvrbandit,1945,0.98,2023-05-04 00:57:15,https://www.reddit.com/r/wallstreetbets/comments/13756oa/jshbone12_promised_to_donate_10k_to_charity_under/,255.0,1.0,0.299,0.258,0.443,0.0258,neutral,No ticker found
Banking system is sound and resilient....meanwhile,sac_kings_916,1878,0.98,2023-05-03 21:55:22,https://i.redd.it/jk7i0knubqxa1.jpg,194.0,0.0,0.0,0.0,1.0,0.0,neutral,No ticker found
It's still fitting,danhoeg,1771,0.97,2023-05-04 00:41:28,https://i.redd.it/fap1o5fh5rxa1.jpg,125.0,2.0,0.0,0.0,1.0,0.0,neutral,No ticker found
"Fed hikes rates by a quarter percentage point, as expected",predictany007,1190,0.97,2023-05-03 18:00:48,https://www.cnbc.com/2023/05/03/fed-rate-decision-may-2023-.html,190.0,0.0,0.0,0.0,1.0,0.0,neutral,No ticker found
Local Carvana tower has cars in it again. Recession cancelled?,ZiGgyOwl,1186,0.97,2023-05-03 23:12:16,https://i.redd.it/j0zhtyakpqxa1.jpg,162.0,0.0,0.0,0.375,0.625,-0.5859,negative,No ticker found
